AUC-ROC,Accuracy,Precision,Recall,F1-Score
0.8487147691751273,0.7423704755145494,0.5093062605752962,0.8048128342245989,0.6238341968911917
